iso_code,continent,location,last_updated_date,population,total_cases,new_cases,new_cases_smoothed,total_deaths,new_deaths,new_deaths_smoothed,total_cases_per_million,new_cases_per_million,new_cases_smoothed_per_million,total_deaths_per_million,new_deaths_per_million,new_deaths_smoothed_per_million,reproduction_rate,icu_patients,icu_patients_per_million,hosp_patients,hosp_patients_per_million,weekly_icu_admissions,weekly_icu_admissions_per_million,weekly_hosp_admissions,weekly_hosp_admissions_per_million,total_tests
AFG,Asia,Afghanistan,8/4/2024,41128772,235214,0,0,7998,0,0,5796.468,0,0,197.098,0,0,,,,,,,,,,
OWID_AFR,,Africa,8/4/2024,1426736614,13145380,36,5.143,259117,0,0,9088.877,0.025,0.004,179.157,0,0,,,,,,,,,,
ALB,Europe,Albania,8/4/2024,2842318,335047,0,0,3605,0,0,118491.02,0,0,1274.926,0,0,,,,,,,,,,
DZA,Africa,Algeria,8/4/2024,44903228,272139,18,2.571,6881,0,0,5984.05,0.396,0.057,151.306,0,0,,,,,,,,,,
ASM,Oceania,American Samoa,8/4/2024,44295,8359,0,0,34,0,0,172831.6,0,0,702.988,0,0,,,,,,,,,,
AND,Europe,Andorra,8/4/2024,79843,48015,0,0,159,0,0,602280.44,0,0,1994.431,0,0,,,,,,,,,,
AGO,Africa,Angola,8/4/2024,35588996,107481,0,0,1937,0,0,3016.162,0,0,54.357,0,0,,,,,,,,,,
AIA,North America,Anguilla,8/4/2024,15877,3904,0,0,12,0,0,274890.88,0,0,844.951,0,0,,,,,,,,,,
ATG,North America,Antigua and Barbuda,8/4/2024,93772,9106,0,0,146,0,0,98071.1,0,0,1572.412,0,0,,,,,,,,,,
ARG,South America,Argentina,8/4/2024,45510324,10101218,54,7.714,130663,1,0.143,222455.06,1.189,0.17,2877.538,0.022,0.003,,,,,,,,,,
ARM,Asia,Armenia,8/4/2024,2780472,452273,0,0,8777,0,0,156991.11,0,0,3046.635,0,0,,,,,,,,,,
ABW,North America,Aruba,8/4/2024,106459,44224,0,0,292,0,0,410271.62,0,0,2708.921,0,0,,,,,,,,,,
OWID_ASI,,Asia,8/14/2024,4721383370,301499099,4515,645,1637249,17,2.429,63948.2,0.958,0.137,347.262,0.004,0.001,,,,,,,,,,
AUS,Oceania,Australia,8/4/2024,26177410,11861161,0,0,25236,0,0,452699,0,0,963.17,0,0,,,,,,,,,,
AUT,Europe,Austria,8/4/2024,8939617,6082444,15,2.143,22534,0,0,671004.9,1.655,0.236,2485.912,0,0,,,,,,,,,,
AZE,Asia,Azerbaijan,8/4/2024,10358078,835757,63,9,10353,0,0,81178.445,6.119,0.874,1005.604,0,0,,,,,,,,,,
BHS,North America,Bahamas,8/4/2024,409989,39127,0,0,849,0,0,98421.81,0,0,2135.612,0,0,,,,,,,,,,
BHR,Asia,Bahrain,8/4/2024,1472237,696614,0,0,1536,0,0,454276.25,0,0,1001.657,0,0,,,,,,,,,,
BGD,Asia,Bangladesh,8/4/2024,171186368,2051348,40,5.714,29499,0,0,12110.572,0.236,0.034,174.154,0,0,,,,,,,,,,
BRB,North America,Barbados,8/4/2024,281646,108582,57,8.143,593,0,0,384600.7,201.896,28.842,2100.424,0,0,,,,,,,,,,
BLR,Europe,Belarus,8/4/2024,9534956,994037,0,0,7118,0,0,108362.68,0,0,775.953,0,0,,,,,,,,,,
BEL,Europe,Belgium,8/4/2024,11655923,4872829,1277,182.429,34339,0,0,418562.72,109.691,15.67,2949.626,0,0,,,,,,,,,,
BLZ,North America,Belize,8/4/2024,405285,71414,0,0,688,0,0,177319.92,0,0,1708.294,0,0,,,,,,,,,,
BEN,Africa,Benin,8/4/2024,13352864,28036,0,0,163,0,0,2037.573,0,0,11.846,0,0,,,,,,,,,,
BMU,North America,Bermuda,8/4/2024,64207,18860,0,0,165,0,0,291175.2,0,0,2547.397,0,0,,,,,,,,,,
BTN,Asia,Bhutan,8/4/2024,782457,62697,0,0,21,0,0,80286.07,0,0,26.891,0,0,,,,,,,,,,
BOL,South America,Bolivia,8/4/2024,12224114,1212147,2,0.286,22387,0,0,100366.93,0.166,0.024,1853.665,0,0,,,,,,,,,,
BES,North America,Bonaire Sint Eustatius and Saba,8/4/2024,27052,11922,0,0,41,0,0,416067.56,0,0,1430.865,0,0,,,,,,,,,,
BIH,Europe,Bosnia and Herzegovina,8/4/2024,3233530,403666,0,0,16392,0,0,125956.49,0,0,5114.82,0,0,,,,,,,,,,
BWA,Africa,Botswana,8/4/2024,2630300,330696,0,0,2801,0,0,135536.98,0,0,1148,0,0,,,,,,,,,,
BRA,South America,Brazil,8/4/2024,215313504,37511921,0,0,702116,0,0,178367.94,0,0,3338.538,0,0,,,,,,,,,,
VGB,North America,British Virgin Islands,8/4/2024,31332,7557,0,0,64,0,0,197084.3,0,0,1669.101,0,0,,,,,,,,,,
BRN,Asia,Brunei,8/4/2024,449002,347723,288,41.143,179,1,0.143,763598.6,632.447,90.35,393.084,2.196,0.314,,,,,,,,,,
BGR,Europe,Bulgaria,8/4/2024,6781955,1329988,257,36.714,38700,0,0,194845.4,37.651,5.379,5669.613,0,0,,,,,,,,,,
BFA,Africa,Burkina Faso,8/4/2024,22673764,22139,0,0,400,0,0,983.56,0,0,17.771,0,0,,,,,,,,,,
BDI,Africa,Burundi,8/4/2024,12889583,54569,0,0,15,0,0,4096.433,0,0,1.126,0,0,,,,,,,,,,
KHM,Asia,Cambodia,8/4/2024,16767851,139319,6,0.857,3056,0,0,8099.134,0.349,0.05,177.657,0,0,,,,,,,,,,
CMR,Africa,Cameroon,8/4/2024,27914542,125246,0,0,1974,0,0,4532.516,0,0,71.437,0,0,,,,,,,,,,
CAN,North America,Canada,8/4/2024,38454328,4819055,38,5.429,55282,0,0,124134.43,0.979,0.14,1424.014,0,0,,,,,,,,,,
CPV,Africa,Cape Verde,8/4/2024,593162,64474,0,0,417,0,0,124048.1,0,0,802.309,0,0,,,,,,,,,,
CYM,North America,Cayman Islands,8/4/2024,68722,31472,0,0,37,0,0,439497.84,0,0,516.695,0,0,,,,,,,,,,
CAF,Africa,Central African Republic,8/4/2024,5579148,15441,0,0,113,0,0,3028.812,0,0,22.165,0,0,,,,,,,,,,
TCD,Africa,Chad,8/4/2024,17723312,7702,0,0,194,0,0,417.332,0,0,10.512,0,0,,,,,,,,,,
CHL,South America,Chile,8/4/2024,19603736,5401126,100,14.286,62730,0,0,276229.6,5.114,0.731,3208.198,0,0,,,,,,,,,,
CHN,Asia,China,8/4/2024,1425887360,99373219,2087,298.143,122304,15,2.143,69726.805,1.464,0.209,85.817,0.011,0.002,,,,,,,,,,
COL,South America,Colombia,8/4/2024,51874028,6391876,976,139.429,142727,0,0,123543.3,18.864,2.695,2758.652,0,0,,,,,,,,,,
COM,Africa,Comoros,8/4/2024,836783,9109,0,0,160,0,0,10919.549,0,0,191.802,0,0,,,,,,,,,,
COG,Africa,Congo,8/4/2024,5970430,25227,0,0,389,0,0,4180.042,0,0,64.456,0,0,,,,,,,,,,
COK,Oceania,Cook Islands,8/4/2024,17032,7345,1,0.143,2,0,0,498067.4,67.81,9.687,135.621,0,0,,,,,,,,,,
CRI,North America,Costa Rica,8/4/2024,5180836,1234701,0,0,9372,0,0,242966.97,0,0,1844.241,0,0,,,,,,,,,,
CIV,Africa,Cote d'Ivoire,8/4/2024,28160548,88434,0,0,835,0,0,2909.492,0,0,27.472,0,0,,,,,,,,,,
HRV,Europe,Croatia,8/4/2024,4030361,1317144,0,0,18752,0,0,337121.47,0,0,4799.552,0,0,,,,,,,,,,
CUB,North America,Cuba,8/4/2024,11212198,1113662,0,0,8530,0,0,100694.4,0,0,771.26,0,0,,,,,,,,,,
CUW,North America,Curacao,8/4/2024,191173,45883,0,0,305,0,0,247546.55,0,0,1645.527,0,0,,,,,,,,,,
CYP,Europe,Cyprus,8/4/2024,896007,696410,0,0,1451,0,0,523075.38,0,0,1089.85,0,0,,,,,,,,,,
CZE,Europe,Czechia,8/12/2024,10493990,4761919,571,81.571,43509,1,0.143,446155.97,53.498,7.643,4076.466,0.094,0.013,,4,0.381,46,4.383,3,0.286,46,4.383,
COD,Africa,Democratic Republic of Congo,8/4/2024,99010216,101009,0,0,1474,0,0,986.445,0,0,14.395,0,0,,,,,,,,,,
DNK,Europe,Denmark,8/4/2024,5882259,3435679,0,0,9693,0,0,582032.56,0,0,1642.075,0,0,,,,,,,,,,
DJI,Africa,Djibouti,8/4/2024,1120851,15690,0,0,189,0,0,13798.259,0,0,166.212,0,0,,,,,,,,,,
DMA,North America,Dominica,8/4/2024,72758,16047,0,0,74,0,0,240044.88,0,0,1106.956,0,0,,,,,,,,,,
DOM,North America,Dominican Republic,8/4/2024,11228821,661103,0,0,4384,0,0,58865.52,0,0,390.357,0,0,,,,,,,,,,
TLS,Asia,East Timor,8/4/2024,1341298,23460,0,0,138,0,0,17132.854,0,0,100.781,0,0,,,,,,,,,,
ECU,South America,Ecuador,8/4/2024,18001002,1077445,157,22.429,36050,0,0,60449.453,8.808,1.258,2022.565,0,0,,,,,,,,,,
EGY,Africa,Egypt,8/4/2024,110990096,516023,0,0,24830,0,0,4582.054,0,0,220.479,0,0,,,,,,,,,,
SLV,North America,El Salvador,8/4/2024,6336393,201920,3,0.429,4230,0,0,32151.248,0.478,0.068,673.533,0,0,,,,,,,,,,
GNQ,Africa,Equatorial Guinea,8/4/2024,1674916,17130,0,0,183,0,0,9497.935,0,0,101.467,0,0,,,,,,,,,,
ERI,Africa,Eritrea,8/4/2024,3684041,10189,0,0,103,0,0,2988.457,0,0,30.21,0,0,,,,,,,,,,
EST,Europe,Estonia,8/12/2024,1326064,610471,0,0,2998,0,0,452169.94,0,0,2220.589,0,0,,,,,,,,,,
SWZ,Africa,Eswatini,8/4/2024,1201680,75356,0,0,1427,0,0,61821.89,0,0,1170.708,0,0,,,,,,,,,,
ETH,Africa,Ethiopia,8/4/2024,123379928,501193,0,0,7574,0,0,3997.255,0,0,60.406,0,0,,,,,,,,,,
OWID_EUR,,Europe,8/14/2024,744807803,252916868,39047,5578.143,2102483,162,23.143,337990.34,52.181,7.454,2809.694,0.216,0.031,,,,,,,,,,
OWID_EUN,,European Union (27),8/14/2024,450146793,185822587,25642,3663.143,1262988,150,21.429,413754.22,57.095,8.156,2812.18,0.334,0.048,,,,,,,,,,
FLK,South America,Falkland Islands,8/4/2024,3801,1923,0,0,0,0,0,547083.94,0,0,0,0,0,,,,,,,,,,
FRO,Europe,Faroe Islands,8/4/2024,53117,34658,0,0,28,0,0,641351.6,0,0,518.144,0,0,,,,,,,,,,
FJI,Oceania,Fiji,8/4/2024,929769,69047,0,0,885,0,0,75097.78,0,0,962.555,0,0,,,,,,,,,,
FIN,Europe,Finland,8/4/2024,5540745,1499712,0,0,11466,0,0,269281.97,0,0,2058.787,0,0,,,,,,,,,,
FRA,Europe,France,8/4/2024,67813000,38997490,,,168091,,,606706,,,2615.087,,,,,,,,,,,,
GUF,South America,French Guiana,8/4/2024,304568,98041,0,0,413,0,0,328644.84,0,0,1384.424,0,0,,,,,,,,,,
PYF,Oceania,French Polynesia,8/4/2024,306292,79387,47,6.714,650,0,0,283131.66,167.624,23.946,2318.208,0,0,,,,,,,,,,
GAB,Africa,Gabon,8/4/2024,2388997,49051,0,0,307,0,0,20179.352,0,0,126.298,0,0,,,,,,,,,,
GMB,Africa,Gambia,8/4/2024,2705995,12627,0,0,372,0,0,4789.353,0,0,141.098,0,0,,,,,,,,,,
GEO,Asia,Georgia,8/4/2024,3744385,1863615,0,0,17150,0,0,491099.22,0,0,4519.362,0,0,,,,,,,,,,
DEU,Europe,Germany,8/4/2024,83369840,38437756,,,174979,,,457123.1,,,2080.947,,,,,,,,,,,,
GHA,Africa,Ghana,8/4/2024,33475870,172062,0,0,1462,0,0,5190.54,0,0,44.104,0,0,,,,,,,,,,
GIB,Europe,Gibraltar,8/4/2024,32677,20550,0,0,113,0,0,546092.3,0,0,3002.844,0,0,,,,,,,,,,
GRC,Europe,Greece,8/4/2024,10384972,5673681,5818,831.143,39258,40,5.714,544892.3,558.752,79.822,3770.283,3.842,0.549,,,,,,,,,,
GRL,North America,Greenland,8/4/2024,56494,11971,0,0,21,0,0,213714.42,0,0,374.906,0,0,,,,,,,,,,
GRD,North America,Grenada,8/4/2024,125459,19693,0,0,238,0,0,168419.88,0,0,2035.441,0,0,,,,,,,,,,
GLP,North America,Guadeloupe,8/4/2024,395762,203235,0,0,1021,0,0,528290.6,0,0,2653.995,0,0,,,,,,,,,,
GUM,Oceania,Guam,8/4/2024,171783,52287,0,0,419,0,0,316520.7,0,0,2536.427,0,0,,,,,,,,,,
GTM,North America,Guatemala,8/4/2024,17843914,1250371,1,0.143,20203,0,0,70057.125,0.056,0.008,1131.955,0,0,,,,,,,,,,
GGY,Europe,Guernsey,8/4/2024,63329,35326,0,0,67,0,0,554150.6,0,0,1051.013,0,0,,,,,,,,,,
GIN,Africa,Guinea,8/4/2024,13859349,38572,0,0,468,0,0,2744.335,0,0,33.297,0,0,,,,,,,,,,
GNB,Africa,Guinea-Bissau,8/4/2024,2105580,9614,0,0,177,0,0,4566.056,0,0,84.064,0,0,,,,,,,,,,
GUY,South America,Guyana,8/4/2024,808727,74443,4,0.571,1302,0,0,90603.38,4.868,0.695,1584.643,0,0,,,,,,,,,,
HTI,North America,Haiti,8/4/2024,11585003,34456,0,0,860,0,0,2995.235,0,0,74.759,0,0,,,,,,,,,,
OWID_HIC,,High-income countries,8/14/2024,1250514600,429044049,32293,4613.286,2997359,786,112.286,351468.5,26.454,3.779,2455.406,0.644,0.092,,,,,,,,,,
HND,North America,Honduras,8/4/2024,10432858,472896,1,0.143,11114,0,0,45193.176,0.096,0.014,1062.13,0,0,,,,,,,,,,
HKG,Asia,Hong Kong,8/10/2024,7488863,,,,,,,,,,,,,,,,,,,,,,
HUN,Europe,Hungary,8/4/2024,9967304,2230800,143,20.429,49053,0,0,230352.08,14.766,2.109,5065.206,0,0,,,,,,,,,,
ISL,Europe,Iceland,8/4/2024,372903,210374,27,3.857,186,0,0,553080.2,70.984,10.141,489,0,0,,,,,,,,,,
IND,Asia,India,8/12/2024,1417173120,45041748,313,44.714,533623,0,0,31598.86,0.22,0.031,374.361,0,0,,,,,,,,,,
IDN,Asia,Indonesia,8/4/2024,275501344,6829399,46,6.571,162059,0,0,24493.01,0.165,0.024,581.21,0,0,,,,,,,,,,
IRN,Asia,Iran,8/4/2024,88550568,7627863,0,0,146837,0,0,85204.44,0,0,1640.192,0,0,,,,,,,,,,
IRQ,Asia,Iraq,8/4/2024,44496124,2465545,0,0,25375,0,0,55945.402,0,0,575.781,0,0,,,,,,,,,,
IRL,Europe,Ireland,8/4/2024,5023108,1745088,761,108.714,9744,9,1.286,341503.62,148.923,21.275,1906.844,1.761,0.252,,,,,,,,,,
IMN,Europe,Isle of Man,8/4/2024,84534,38008,0,0,116,0,0,451701.84,0,0,1378.589,0,0,,,,,,,,,,
ISR,Asia,Israel,8/4/2024,9449000,4841558,0,0,12707,0,0,531855.56,0,0,1395.891,0,0,,,,,,,,,,
ITA,Europe,Italy,8/7/2024,59037472,26781078,6350,907.143,197307,6,0.857,449202.94,106.509,15.216,3309.459,0.101,0.014,,50,0.847,2080,35.232,48,0.813,,,
JAM,North America,Jamaica,8/4/2024,2827382,157181,12,1.714,3611,0,0,55361.973,4.227,0.604,1271.859,0,0,,,,,,,,,,
JPN,Asia,Japan,8/4/2024,123951696,33803572,0,0,74694,0,0,270433.8,0,0,597.564,0,0,,,,,,,,,,
JEY,Europe,Jersey,8/4/2024,110796,66391,0,0,161,0,0,641502.3,0,0,1555.661,0,0,,,,,,,,,,
JOR,Asia,Jordan,8/4/2024,11285875,1746997,0,0,14122,0,0,155202.16,0,0,1254.59,0,0,,,,,,,,,,
KAZ,Asia,Kazakhstan,8/4/2024,19397998,1504370,0,0,19072,0,0,75088.555,0,0,951.953,0,0,,,,,,,,,,
KEN,Africa,Kenya,8/4/2024,54027484,344106,0,0,5689,0,0,6342.68,0,0,104.862,0,0,,,,,,,,,,
KIR,Oceania,Kiribati,8/4/2024,131237,5085,0,0,24,0,0,38971.19,0,0,183.935,0,0,,,,,,,,,,
OWID_KOS,Europe,Kosovo,8/4/2024,1782115,274279,0,0,3212,0,0,159654.83,0,0,1869.67,0,0,,,,,,,,,,
KWT,Asia,Kuwait,8/4/2024,4268886,667290,0,0,2570,0,0,145394.48,0,0,559.972,0,0,,,,,,,,,,
KGZ,Asia,Kyrgyzstan,8/4/2024,6630621,88953,0,0,1024,0,0,12788.335,0,0,147.215,0,0,,,,,,,,,,
LAO,Asia,Laos,8/4/2024,7529477,219060,0,0,671,0,0,28979.996,0,0,88.768,0,0,,,,,,,,,,
LVA,Europe,Latvia,8/4/2024,1850654,977765,0,0,7475,0,0,519795.25,0,0,3973.828,0,0,,,,,,,,,,
LBN,Asia,Lebanon,8/4/2024,5489744,1239904,0,0,10947,0,0,215842.16,0,0,1905.651,0,0,,,,,,,,,,
LSO,Africa,Lesotho,8/4/2024,2305826,36138,0,0,709,0,0,15807.624,0,0,310.134,0,0,,,,,,,,,,
LBR,Africa,Liberia,8/4/2024,5302690,7930,0,0,294,0,0,1475.817,0,0,54.715,0,0,,,,,,,,,,
LBY,Africa,Libya,8/4/2024,6812344,507269,0,0,6437,0,0,70221.87,0,0,891.082,0,0,,,,,,,,,,
LIE,Europe,Liechtenstein,8/4/2024,39355,21588,0,0,89,0,0,548810.25,0,0,2262.558,0,0,,,,,,,,,,
LTU,Europe,Lithuania,8/14/2024,2750058,1369355,807,115.286,9810,0,0,486117.47,286.483,40.926,3482.525,0,0,,,,,,,,,,
OWID_LIC,,Low-income countries,8/4/2024,737604900,1944334,0,0,43529,0,0,2712.27,0,0,60.721,0,0,,,,,,,,,,
OWID_LMC,,Lower-middle-income countries,8/12/2024,3432097300,91954400,598,85.429,1188026,0,0,28590.73,0.186,0.027,369.385,0,0,,,,,,,,,,
LUX,Europe,Luxembourg,8/4/2024,647601,393542,190,27.143,1000,0,0,602376.2,290.824,41.546,1530.653,0,0,,,,,,,,,,
MDG,Africa,Madagascar,8/4/2024,29611718,68567,0,0,1428,0,0,2252.732,0,0,46.916,0,0,,,,,,,,,,
MWI,Africa,Malawi,8/4/2024,20405318,89168,0,0,2686,0,0,4335.124,0,0,130.587,0,0,,,,,,,,,,
MYS,Asia,Malaysia,8/14/2024,33938216,5309410,1085,155,37351,0,0,153028.81,31.272,4.467,1076.538,0,0,,0,0,24,0.707,,,83,2.446,
MDV,Asia,Maldives,8/4/2024,523798,186694,0,0,316,0,0,356207.4,0,0,602.92,0,0,,,,,,,,,,
MLI,Africa,Mali,8/4/2024,22593598,33166,0,0,743,0,0,1437.46,0,0,32.203,0,0,,,,,,,,,,
MLT,Europe,Malta,8/4/2024,533293,122796,80,11.429,922,1,0.143,232482.77,151.46,21.637,1745.571,1.893,0.27,,,,,,,,,,
MHL,Oceania,Marshall Islands,8/4/2024,41593,16297,0,0,17,0,0,406469.78,0,0,424.004,0,0,,,,,,,,,,
MTQ,North America,Martinique,8/4/2024,367512,230354,0,0,1104,0,0,659169.44,0,0,3159.151,0,0,,,,,,,,,,
MRT,Africa,Mauritania,8/4/2024,,63872,0,0,997,0,0,13100.216,0,0,204.486,,,,,,,,,,,,
