iso_code,continent,location,last_updated_date,total_tests,new_tests,total_tests_per_thousand,new_tests_per_thousand,new_tests_smoothed,new_tests_smoothed_per_thousand,positive_rate,tests_per_case,tests_units,total_vaccinations,people_vaccinated,people_fully_vaccinated,total_boosters,new_vaccinations,new_vaccinations_smoothed,total_vaccinations_per_hundred,people_vaccinated_per_hundred,people_fully_vaccinated_per_hundred,total_boosters_per_hundred,new_vaccinations_smoothed_per_million,new_people_vaccinated_smoothed,new_people_vaccinated_smoothed_per_hundred,stringency_index,population_density,median_age,aged_65_older,aged_70_older,gdp_per_capita,extreme_poverty,cardiovasc_death_rate,diabetes_prevalence,female_smokers,male_smokers,handwashing_facilities,hospital_beds_per_thousand,life_expectancy,human_development_index,excess_mortality_cumulative_absolute,excess_mortality_cumulative,excess_mortality,excess_mortality_cumulative_per_million
AFG,Asia,Afghanistan,8/4/2024,,,,,,,,,,,,,,,,,,,,,,,,54.422,18.6,2.581,1.337,1803.987,,597.029,9.59,,,37.746,0.5,64.83,0.511,,,,
OWID_AFR,,Africa,8/4/2024,,,,,,,,,,,,,,,,,,,,,,,,,,,,,,,,,,,,,,,,,
ALB,Europe,Albania,8/4/2024,,,,,,,,,,,,,,,,,,,,,,,,104.871,38,13.188,8.643,11803.431,1.1,304.195,10.08,7.1,51.2,,2.89,78.57,0.795,,,,
DZA,Africa,Algeria,8/4/2024,,,,,,,,,,,,,,,,,,,,,,,,17.348,29.1,6.211,3.857,13913.839,0.5,278.364,6.73,0.7,30.4,83.741,1.9,76.88,0.748,,,,
ASM,Oceania,American Samoa,8/4/2024,,,,,,,,,,,,,,,,,,,,,,,,278.205,,,,,,283.75,,,,,,73.74,,,,,
AND,Europe,Andorra,8/4/2024,,,,,,,,,,,,,,,,,,,,,,,,163.755,,,,,,109.135,7.97,29,37.8,,,83.73,0.868,,,,
AGO,Africa,Angola,8/4/2024,,,,,,,,,,,,,,,,,,,,,,,,23.89,16.8,2.405,1.362,5819.495,,276.045,3.94,,,26.664,,61.15,0.581,,,,
AIA,North America,Anguilla,8/4/2024,,,,,,,,,,,,,,,,,,,,,,,,,,,,,,,,,,,,81.88,,,,,
ATG,North America,Antigua and Barbuda,8/4/2024,,,,,,,,,,,,,,,,,,,,,,,,231.845,32.1,6.933,4.631,21490.943,,191.511,13.17,,,,3.8,77.02,0.778,,,,
ARG,South America,Argentina,8/4/2024,,,,,,,,,,,,,,,,,,,,,,,,16.177,31.9,11.198,7.441,18933.907,0.6,191.032,5.5,16.2,27.7,,5,76.67,0.845,,,,
ARM,Asia,Armenia,8/4/2024,,,,,,,,,,,,,,,,,,,,,,,,102.931,35.7,11.232,7.571,8787.58,1.8,341.01,7.11,1.5,52.1,94.043,4.2,75.09,0.776,,,,
ABW,North America,Aruba,8/4/2024,,,,,,,,,,,,,,,,,,,,,,,,584.8,41.2,13.085,7.452,35973.781,,,11.62,,,,,76.29,,,,,
OWID_ASI,,Asia,8/14/2024,,,,,,,,,,9104304615,3689438947,3462095463,1815176944,258,193,192.83,78.14,73.33,38.45,0,10,0,,,,,,,,,,,,,,,,,,,
AUS,Oceania,Australia,8/4/2024,,,,,,,,,,,,,,,,,,,,,,,,3.202,37.9,15.504,10.129,44648.71,0.5,107.791,5.07,13,16.5,,3.84,83.44,0.944,,,,
AUT,Europe,Austria,8/4/2024,,,,,,,,,,,,,,,,,,,,,,,,106.749,44.4,19.202,13.748,45436.686,0.7,145.183,6.35,28.4,30.9,,7.37,81.54,0.922,,,,
AZE,Asia,Azerbaijan,8/4/2024,,,,,,,,,,,,,,,,,,,,,,,,119.309,32.4,6.018,3.871,15847.419,,559.812,7.11,0.3,42.5,83.241,4.7,73,0.756,,,,
BHS,North America,Bahamas,8/4/2024,,,,,,,,,,,,,,,,,,,,,,,,39.497,34.3,8.996,5.2,27717.847,,235.954,13.17,3.1,20.4,,2.9,73.92,0.814,,,,
BHR,Asia,Bahrain,8/4/2024,,,,,,,,,,,,,,,,,,,,,,,,1935.907,32.4,2.372,1.387,43290.705,,151.689,16.52,5.8,37.6,,2,77.29,0.852,,,,
BGD,Asia,Bangladesh,8/4/2024,,,,,,,,,,,,,,,,,,,,,,,,1265.036,27.5,5.098,3.262,3523.984,14.8,298.003,8.38,1,44.7,34.808,0.8,72.59,0.632,,,,
BRB,North America,Barbados,8/4/2024,,,,,,,,,,,,,,,,,,,,,,,,664.463,39.8,14.952,9.473,16978.068,,170.05,13.57,1.9,14.5,88.469,5.8,79.19,0.814,,,,
BLR,Europe,Belarus,8/4/2024,,,,,,,,,,,,,,,,,,,,,,,,46.858,40.3,14.799,9.788,17167.967,,443.129,5.18,10.5,46.1,,11,74.79,0.823,,,,
BEL,Europe,Belgium,8/4/2024,,,,,,,,,,,,,,,,,,,,,,,,375.564,41.8,18.571,12.849,42658.576,0.2,114.898,4.29,25.1,31.4,,5.64,81.63,0.931,,,,
BLZ,North America,Belize,8/4/2024,,,,,,,,,,,,,,,,,,,,,,,,16.426,25,3.853,2.279,7824.362,,176.957,17.11,,,90.083,1.3,74.62,0.716,,,,
BEN,Africa,Benin,8/4/2024,,,,,,,,,,,,,,,,,,,,,,,,99.11,18.8,3.244,1.942,2064.236,49.6,235.848,0.99,0.6,12.3,11.035,0.5,61.77,0.545,,,,
BMU,North America,Bermuda,8/4/2024,,,,,,,,,,,,,,,,,,,,,,,,1308.82,,,,50669.315,,139.547,13,,,,,82.59,,,,,
BTN,Asia,Bhutan,8/4/2024,,,,,,,,,,,,,,,,,,,,,,,,21.188,28.6,4.885,2.977,8708.597,1.5,217.066,9.75,,,79.807,1.7,71.78,0.654,,,,
BOL,South America,Bolivia,8/4/2024,,,,,,,,,,,,,,,,,,,,,,,,10.202,25.4,6.704,4.393,6885.829,7.1,204.299,6.89,,,25.383,1.1,71.51,0.718,,,,
BES,North America,Bonaire Sint Eustatius and Saba,8/4/2024,,,,,,,,,,,,,,,,,,,,,,,,,,,,,,,,,,,,77.79,,,,,
BIH,Europe,Bosnia and Herzegovina,8/4/2024,,,,,,,,,,,,,,,,,,,,,,,,68.496,42.5,16.569,10.711,11713.895,0.2,329.635,10.08,30.2,47.7,97.164,3.5,77.4,0.78,,,,
BWA,Africa,Botswana,8/4/2024,,,,,,,,,,,,,,,,,,,,,,,,4.044,25.8,3.941,2.242,15807.374,,237.372,4.81,5.7,34.4,,1.8,69.59,0.735,,,,
BRA,South America,Brazil,8/4/2024,,,,,,,,,,,,,,,,,,,,,,,,25.04,33.5,8.552,5.06,14103.452,3.4,177.961,8.11,10.1,17.9,,2.2,75.88,0.765,,,,
VGB,North America,British Virgin Islands,8/4/2024,,,,,,,,,,,,,,,,,,,,,,,,207.973,,,,,,,13.67,,,,,79.07,,,,,
BRN,Asia,Brunei,8/4/2024,,,,,,,,,,,,,,,,,,,,,,,,81.347,32.4,4.591,2.382,71809.251,,201.285,12.79,2,30.9,,2.7,75.86,0.838,,,,
BGR,Europe,Bulgaria,8/4/2024,,,,,,,,,,,,,,,,,,,,,,,,65.18,44.7,20.801,13.272,18563.307,1.5,424.688,5.81,30.1,44.4,,7.454,75.05,0.816,,,,
BFA,Africa,Burkina Faso,8/4/2024,,,,,,,,,,,,,,,,,,,,,,,,70.151,17.6,2.409,1.358,1703.102,43.7,269.048,2.42,1.6,23.9,11.877,0.4,61.58,0.452,,,,
BDI,Africa,Burundi,8/4/2024,,,,,,,,,,,,,,,,,,,,,,,,423.062,17.5,2.562,1.504,702.225,71.7,293.068,6.05,,,6.144,0.8,61.58,0.433,,,,
KHM,Asia,Cambodia,8/4/2024,,,,,,,,,,,,,,,,,,,,,,,,90.672,25.6,4.412,2.385,3645.07,,270.892,4,2,33.7,66.229,0.8,69.82,0.594,,,,
CMR,Africa,Cameroon,8/4/2024,,,,,,,,,,,,,,,,,,,,,,,,50.885,18.8,3.165,1.919,3364.926,23.8,244.661,7.2,,,2.735,1.3,59.29,0.563,,,,
CAN,North America,Canada,8/4/2024,,,,,,,,,,102877159,,,34890285,,442,267.53,,,90.73,11,,,,4.037,41.4,16.984,10.797,44017.591,0.5,105.599,7.37,12,16.6,,2.5,82.43,0.929,,,,
CPV,Africa,Cape Verde,8/4/2024,,,,,,,,,,,,,,,,,,,,,,,,135.58,25.7,4.46,3.437,6222.554,,182.219,2.42,2.1,16.5,,2.1,72.98,0.665,,,,
CYM,North America,Cayman Islands,8/4/2024,,,,,,,,,,,,,,,,,,,,,,,,256.496,,,,49903.029,,,13.22,,,,,83.92,,,,,
CAF,Africa,Central African Republic,8/4/2024,,,,,,,,,,,,,,,,,,,,,,,,7.479,18.3,3.655,2.251,661.24,,435.727,6.1,,,16.603,1,53.28,0.397,,,,
TCD,Africa,Chad,8/4/2024,,,,,,,,,,,,,,,,,,,,,,,,11.833,16.7,2.486,1.446,1768.153,38.4,280.995,6.1,,,5.818,,54.24,0.398,,,,
CHL,South America,Chile,8/4/2024,,,,,,,,,,,,,,,,,,,,,,,,24.282,35.4,11.087,6.938,22767.037,1.3,127.993,8.46,34.2,41.5,,2.11,80.18,0.851,,,,
CHN,Asia,China,8/4/2024,,,,,,,,,,,,,,,,,,,,,,,,147.674,38.7,10.641,5.929,15308.712,0.7,261.899,9.74,1.9,48.4,,4.34,76.91,0.761,,,,
COL,South America,Colombia,8/4/2024,,,,,,,,,,,,,,,,,,,,,,,,44.223,32.2,7.646,4.312,13254.949,4.5,124.24,7.44,4.7,13.5,65.386,1.71,77.29,0.767,,,,
COM,Africa,Comoros,8/4/2024,,,,,,,,,,,,,,,,,,,,,,,,437.352,20.4,2.963,1.726,1413.89,18.1,261.516,11.88,4.4,23.6,15.574,2.2,64.32,0.554,,,,
COG,Africa,Congo,8/4/2024,,,,,,,,,,,,,,,,,,,,,,,,15.405,19,3.402,2.063,4881.406,37,344.094,7.2,1.7,52.3,47.964,,64.57,0.574,,,,
COK,Oceania,Cook Islands,8/4/2024,,,,,,,,,,,,,,,,,,,,,,,,,,,,,,,,,,,,76.25,,,,,
CRI,North America,Costa Rica,8/4/2024,,,,,,,,,,,,,,,,,,,,,,,,96.079,33.6,9.468,5.694,15524.995,1.3,137.973,8.78,6.4,17.4,83.841,1.13,80.28,0.81,,,,
CIV,Africa,Cote d'Ivoire,8/4/2024,,,,,,,,,,,,,,,,,,,,,,,,76.399,18.7,2.933,1.582,3601.006,28.2,303.74,2.42,,,19.351,,57.78,0.538,,,,
HRV,Europe,Croatia,8/4/2024,,,,,,,,,,,,,,,,,,,,,,,,73.726,44,19.724,13.053,22669.797,0.7,253.782,5.59,34.3,39.9,,5.54,78.49,0.851,,,,
CUB,North America,Cuba,8/4/2024,,,,,,,,,,,,,,,,,,,,,,,,110.408,43.1,14.738,9.719,,,190.968,8.27,17.1,53.3,85.198,5.2,78.8,0.783,,,,
CUW,North America,Curacao,8/4/2024,,,,,,,,,,,,,,,,,,,,,,,,362.644,41.7,16.367,10.068,,,,11.62,,,,,78.88,,,,,
CYP,Europe,Cyprus,8/4/2024,,,,,,,,,,,,,,,,,,,,,,,,127.657,37.3,13.416,8.563,32415.132,,141.171,9.24,19.6,52.7,,3.4,80.98,0.887,,,,
CZE,Europe,Czechia,8/12/2024,,,,,,,,,,19047108,6982006,6895763,5581388,4,4,181.5,66.53,65.71,53.19,0,0,0,,137.176,43.3,19.027,11.58,32605.906,,227.485,6.82,30.5,38.3,,6.63,79.38,0.9,,,,
COD,Africa,Democratic Republic of Congo,8/4/2024,,,,,,,,,,,,,,,,,,,,,,,,35.879,17,3.02,1.745,808.133,77.1,318.949,6.1,,,4.472,,60.68,0.48,,,,
DNK,Europe,Denmark,8/4/2024,,,,,,,,,,,,,,,,,,,,,,,,136.52,42.3,19.677,12.325,46682.515,0.2,114.767,6.41,19.3,18.8,,2.5,80.9,0.94,,,,
DJI,Africa,Djibouti,8/4/2024,,,,,,,,,,,,,,,,,,,,,,,,41.285,25.4,4.213,2.38,2705.406,22.5,258.037,6.05,1.7,24.5,,1.4,67.11,0.524,,,,
DMA,North America,Dominica,8/4/2024,,,,,,,,,,,,,,,,,,,,,,,,98.567,,,,9673.367,,227.376,11.62,,,,3.8,75,0.742,,,,
DOM,North America,Dominican Republic,8/4/2024,,,,,,,,,,,,,,,,,,,,,,,,222.873,27.6,6.981,4.419,14600.861,1.6,266.653,8.2,8.5,19.1,55.182,1.6,74.08,0.756,,,,
TLS,Asia,East Timor,8/4/2024,,,,,,,,,,,,,,,,,,,,,,,,87.176,18,3.556,1.897,6570.102,30.3,335.346,6.86,6.3,78.1,28.178,5.9,69.5,0.606,,,,
ECU,South America,Ecuador,8/4/2024,,,,,,,,,,,,,,,,,,,,,,,,66.939,28.1,7.104,4.458,10581.936,3.6,140.448,5.55,2,12.3,80.635,1.5,77.01,0.759,,,,
EGY,Africa,Egypt,8/4/2024,,,,,,,,,,,,,,,,,,,,,,,,97.999,25.3,5.159,2.891,10550.206,1.3,525.432,17.31,0.2,50.1,89.827,1.6,71.99,0.707,,,,
SLV,North America,El Salvador,8/4/2024,,,,,,,,,,,,,,,,,,,,,,,,307.811,27.6,8.273,5.417,7292.458,2.2,167.295,8.87,2.5,18.8,90.65,1.3,73.32,0.673,,,,
GNQ,Africa,Equatorial Guinea,8/4/2024,,,,,,,,,,,,,,,,,,,,,,,,45.194,22.4,2.846,1.752,22604.873,,202.812,7.78,,,24.64,2.1,58.74,0.592,,,,
ERI,Africa,Eritrea,8/4/2024,,,,,,,,,,,,,,,,,,,,,,,,44.304,19.3,3.607,2.171,1510.459,,311.11,6.05,0.2,11.4,,0.7,66.32,0.459,,,,
EST,Europe,Estonia,8/12/2024,,,,,,,,,,2171623,870213,862748,659459,9,15,163.76,65.62,65.06,49.73,11,2,0,,31.033,42.7,19.452,13.491,29481.252,0.5,255.569,4.02,24.5,39.3,,4.69,78.74,0.892,,,,
SWZ,Africa,Eswatini,8/4/2024,,,,,,,,,,,,,,,,,,,,,,,,79.492,21.5,3.163,1.845,7738.975,,333.436,3.94,1.7,16.5,24.097,2.1,60.19,0.611,,,,
ETH,Africa,Ethiopia,8/4/2024,,,,,,,,,,,,,,,,,,,,,,,,104.957,19.8,3.526,2.063,1729.927,26.7,182.634,7.47,0.4,8.5,7.96,0.3,66.6,0.485,,,,
OWID_EUR,,Europe,8/14/2024,,,,,,,,,,1399334208,523814328,493751304,365099941,64,17,187.88,70.33,66.29,49.02,0,2,0,,,,,,,,,,,,,,,,,,,
OWID_EUN,,European Union (27),8/14/2024,,,,,,,,,,951113290,338119562,327967426,282438789,64,17,211.29,75.11,72.86,62.74,0,2,0,,,,,,,,,,,,,,,,,,,
FLK,South America,Falkland Islands,8/4/2024,,,,,,,,,,,,,,,,,,,,,,,,,,,,,,,,,,,,81.44,,,,,
FRO,Europe,Faroe Islands,8/4/2024,,,,,,,,,,,,,,,,,,,,,,,,35.308,,,,,,,,,,,,80.67,,,,,
FJI,Oceania,Fiji,8/4/2024,,,,,,,,,,,,,,,,,,,,,,,,49.562,28.6,6.224,3.284,8702.975,1.4,412.82,14.49,10.2,34.8,,2.3,67.44,0.743,,,,
FIN,Europe,Finland,8/4/2024,,,,,,,,,,,,,,,,,,,,,,,,18.136,42.8,21.228,13.264,40585.721,,153.507,5.76,18.3,22.6,,3.28,81.91,0.938,,,,
FRA,Europe,France,8/4/2024,,,,,,,,,,,,,,,,,,,,,,,,122.578,42,19.718,13.079,38605.671,,86.06,4.77,30.1,35.6,,5.98,82.66,0.901,,,,
GUF,South America,French Guiana,8/4/2024,,,,,,,,,,,,,,,,,,,,,,,,,25.3,,2.897,,,,,,,,,79.95,,,,,
PYF,Oceania,French Polynesia,8/4/2024,,,,,,,,,,,,,,,,,,,,,,,,77.324,32.7,7.775,4.593,,,,22.63,,,,,77.66,,,,,
GAB,Africa,Gabon,8/4/2024,,,,,,,,,,,,,,,,,,,,,,,,7.859,23.1,4.45,2.976,16562.413,3.4,259.967,7.2,,,,6.3,66.47,0.703,,,,
GMB,Africa,Gambia,8/4/2024,,,,,,,,,,,,,,,,,,,,,,,,207.566,17.5,2.339,1.417,1561.767,10.1,331.43,1.91,0.7,31.2,7.876,1.1,62.05,0.496,,,,
GEO,Asia,Georgia,8/4/2024,,,,,,,,,,,,,,,,,,,,,,,,65.032,38.7,14.864,10.244,9745.079,4.2,496.218,7.11,5.3,55.5,,2.6,73.77,0.812,,,,
DEU,Europe,Germany,8/4/2024,,,,,,,,,,,,,,,,,,,,,,,,237.016,46.6,21.453,15.957,45229.245,,156.139,8.31,28.2,33.1,,8,81.33,0.947,,,,
GHA,Africa,Ghana,8/4/2024,,,,,,,,,,,,,,,,,,,,,,,,126.719,21.1,3.385,1.948,4227.63,12,298.245,4.97,0.3,7.7,41.047,0.9,64.07,0.611,,,,
GIB,Europe,Gibraltar,8/4/2024,,,,,,,,,,,,,,,,,,,,,,,,3457.1,,,,,,,,,,,,79.93,,,,,
GRC,Europe,Greece,8/4/2024,,,,,,,,,,,,,,,,,,,,,,,,83.479,45.3,20.396,14.524,24574.382,1.5,175.695,4.55,35.3,52,,4.21,82.24,0.888,,,,
GRL,North America,Greenland,8/4/2024,,,,,,,,,,,,,,,,,,,,,,,,0.137,,,,,,199.941,2.16,,,,,71.7,,,,,
GRD,North America,Grenada,8/4/2024,,,,,,,,,,,,,,,,,,,,,,,,317.132,29.4,7.304,5.021,13593.877,,243.964,10.71,,,,3.7,72.4,0.779,,,,
GLP,North America,Guadeloupe,8/4/2024,,,,,,,,,,,,,,,,,,,,,,,,,43.4,,,,,,,,,,,82.14,,,,,
GUM,Oceania,Guam,8/4/2024,,,,,,,,,,,,,,,,,,,,,,,,304.128,31.4,9.551,5.493,,,310.496,21.52,,,,,80.07,,,,,
GTM,North America,Guatemala,8/4/2024,,,,,,,,,,,,,,,,,,,,,,,,157.834,22.9,4.694,3.016,7423.808,8.7,155.898,10.18,,,76.665,0.6,74.3,0.663,,,,
GGY,Europe,Guernsey,8/4/2024,,,,,,,,,,,,,,,,,,,,,,,,,,,,,,,,,,,,,,,,,
GIN,Africa,Guinea,8/4/2024,,,,,,,,,,,,,,,,,,,,,,,,51.755,19,3.135,1.733,1998.926,35.3,336.717,2.42,,,17.45,0.3,61.6,0.477,,,,
GNB,Africa,Guinea-Bissau,8/4/2024,,,,,,,,,,,,,,,,,,,,,,,,66.191,19.4,3.002,1.565,1548.675,67.1,382.474,2.42,,,6.403,,58.32,0.48,,,,
GUY,South America,Guyana,8/4/2024,,,,,,,,,,,,,,,,,,,,,,,,3.952,26.3,5.305,2.837,7435.047,,373.159,11.62,,,77.159,1.6,69.91,0.682,,,,
HTI,North America,Haiti,8/4/2024,,,,,,,,,,,,,,,,,,,,,,,,398.448,24.3,4.8,2.954,1653.173,23.5,430.548,6.65,2.9,23.1,22.863,0.7,64,0.51,,,,
OWID_HIC,,High-income countries,8/14/2024,,,,,,,,,,2840880020,998723024,929255961,839231470,1421,1317,227.18,79.86,74.31,67.11,1,7,0,,,,,,,,,,,,,,,,,,,
HND,North America,Honduras,8/4/2024,,,,,,,,,,,,,,,,,,,,,,,,82.805,24.9,4.652,2.883,4541.795,16,240.208,7.21,2,,84.169,0.7,75.27,0.634,,,,
HKG,Asia,Hong Kong,8/10/2024,,,,,,,,,,21014839,6920120,6803327,7291392,,189,280.61,92.41,90.85,97.36,25,5,0,,7039.714,44.8,16.303,10.158,56054.92,,,8.33,,,,,84.86,0.949,,,,
HUN,Europe,Hungary,8/4/2024,,,,,,,,,,,,,,,,,,,,,,,,108.043,43.4,18.577,11.976,26777.561,0.5,278.296,7.55,26.8,34.8,,7.02,76.88,0.854,,,,
ISL,Europe,Iceland,8/4/2024,,,,,,,,,,,,,,,,,,,,,,,,3.404,37.3,14.431,9.207,46482.958,0.2,117.992,5.31,14.3,15.2,,2.91,82.99,0.949,,,,
IND,Asia,India,8/12/2024,,,,,,,,,,2206868000,1027438924,951990552,227438524,7,8,155.72,72.5,67.18,16.05,0,3,0,,450.419,28.2,5.989,3.414,6426.674,21.2,282.28,10.39,1.9,20.6,59.55,0.53,69.66,0.645,,,,
IDN,Asia,Indonesia,8/4/2024,,,,,,,,,,,,,,,,,,,,,,,,145.725,29.3,5.319,3.053,11188.744,5.7,342.864,6.32,2.8,76.1,64.204,1.04,71.72,0.718,,,,
IRN,Asia,Iran,8/4/2024,,,,,,,,,,,,,,,,,,,,,,,,49.831,32.4,5.44,3.182,19082.62,0.2,270.308,9.59,0.8,21.1,,1.5,76.68,0.783,,,,
IRQ,Asia,Iraq,8/4/2024,,,,,,,,,,,,,,,,,,,,,,,,88.125,20,3.186,1.957,15663.986,2.5,218.612,8.83,,,94.576,1.4,70.6,0.674,,,,
IRL,Europe,Ireland,8/4/2024,,,,,,,,,,,,,,,,,,,,,,,,69.874,38.7,13.928,8.678,67335.293,0.2,126.459,3.28,23,25.7,,2.96,82.3,0.955,,,,
IMN,Europe,Isle of Man,8/4/2024,,,,,,,,,,,,,,,,,,,,,,,,147.872,,,,,,,,,,,,81.4,,,,,
ISR,Asia,Israel,8/4/2024,,,,,,,,,,,,,,,,,,,,,,,,402.606,30.6,11.733,7.359,33132.32,0.5,93.32,6.74,15.4,35.4,,2.99,82.97,0.919,,,,
ITA,Europe,Italy,8/7/2024,,,,,,,,,,,,,,,,,,,,,,,,205.859,47.9,23.021,16.24,35220.084,2,113.151,4.78,19.8,27.8,,3.18,83.51,0.892,,,,
JAM,North America,Jamaica,8/4/2024,,,,,,,,,,,,,,,,,,,,,,,,266.879,31.4,9.684,6.39,8193.571,,206.537,11.28,5.3,28.6,66.425,1.7,74.47,0.734,,,,
JPN,Asia,Japan,8/4/2024,,,,,,,,,,,,,,,,,,,,,,,,347.778,48.2,27.049,18.493,39002.223,,79.37,5.72,11.2,33.7,,13.05,84.63,0.919,,,,
JEY,Europe,Jersey,8/4/2024,,,,,,,,,,,,,,,,,,,,,,,,,,,,,,,,,,,,,,,,,
JOR,Asia,Jordan,8/4/2024,,,,,,,,,,,,,,,,,,,,,,,,109.285,23.2,3.81,2.361,8337.49,0.1,208.257,11.75,,,,1.4,74.53,0.729,,,,
KAZ,Asia,Kazakhstan,8/4/2024,,,,,,,,,,,,,,,,,,,,,,,,6.681,30.6,6.991,4.625,24055.588,0.1,466.792,7.11,7,43.1,98.999,6.7,73.6,0.825,,,,
KEN,Africa,Kenya,8/4/2024,,,,,,,,,,,,,,,,,,,,,,,,87.324,20,2.686,1.528,2993.028,36.8,218.637,2.92,1.2,20.4,24.651,1.4,66.7,0.601,,,,
KIR,Oceania,Kiribati,8/4/2024,,,,,,,,,,,,,,,,,,,,,,,,143.701,23.2,3.895,2.21,1981.132,,434.657,22.66,35.9,58.9,,1.9,68.37,0.63,,,,
OWID_KOS,Europe,Kosovo,8/4/2024,,,,,,,,,,,,,,,,,,,,,,,,168.155,,,,9795.834,0.6,,,,,,,,,,,,
KWT,Asia,Kuwait,8/4/2024,,,,,,,,,,,,,,,,,,,,,,,,232.128,33.7,2.345,1.114,65530.537,,132.235,15.84,2.7,37,,2,75.49,0.806,,,,
KGZ,Asia,Kyrgyzstan,8/4/2024,,,,,,,,,,,,,,,,,,,,,,,,32.333,26.3,4.489,2.882,3393.474,1.4,436.362,7.11,3.6,50.5,89.22,4.5,71.45,0.697,,,,
LAO,Asia,Laos,8/4/2024,,,,,,,,,,,,,,,,,,,,,,,,29.715,24.4,4.029,2.322,6397.36,22.7,368.111,4,7.3,51.2,49.839,1.5,67.92,0.613,,,,
LVA,Europe,Latvia,8/4/2024,,,,,,,,,,,,,,,,,,,,,,,,31.212,43.9,19.754,14.136,25063.846,0.7,350.06,4.91,25.6,51,,5.57,75.29,0.866,,,,
LBN,Asia,Lebanon,8/4/2024,,,,,,,,,,,,,,,,,,,,,,,,594.561,31.1,8.514,5.43,13367.565,,266.591,12.71,26.9,40.7,,2.9,78.93,0.744,,,,
LSO,Africa,Lesotho,8/4/2024,,,,,,,,,,,,,,,,,,,,,,,,73.562,22.2,4.506,2.647,2851.153,59.6,405.126,3.94,0.4,53.9,2.117,,54.33,0.527,,,,
LBR,Africa,Liberia,8/4/2024,,,,,,,,,,,,,,,,,,,,,,,,49.127,19.2,3.057,1.756,752.788,38.6,272.509,2.42,1.5,18.1,1.188,0.8,64.1,0.48,,,,
LBY,Africa,Libya,8/4/2024,,,,,,,,,,,,,,,,,,,,,,,,3.623,29,4.424,2.816,17881.509,,341.862,10.43,,,,3.7,72.91,0.724,,,,
LIE,Europe,Liechtenstein,8/4/2024,,,,,,,,,,,,,,,,,,,,,,,,237.012,,,,,,,7.77,,,,2.397,82.49,0.919,,,,
LTU,Europe,Lithuania,8/14/2024,,,,,,,,,,4604865,1958300,1881106,948621,1,2,167.45,71.21,68.4,34.49,1,0,0,,45.135,43.5,19.002,13.778,29524.265,0.7,342.989,3.67,21.3,38,,6.56,75.93,0.882,,,,
OWID_LIC,,Low-income countries,8/4/2024,,,,,,,,,,,,,,,,,,,,,,,,,,,,,,,,,,,,,,,,,
OWID_LMC,,Lower-middle-income countries,8/12/2024,,,,,,,,,,4954377376,2281867638,2053053994,681863964,10,9,144.35,66.49,59.82,19.87,0,3,0,,,,,,,,,,,,,,,,,,,
LUX,Europe,Luxembourg,8/4/2024,,,,,,,,,,,,,,,,,,,,,,,,231.447,39.7,14.312,9.842,94277.965,0.2,128.275,4.42,20.9,26,,4.51,82.25,0.916,,,,
MDG,Africa,Madagascar,8/4/2024,,,,,,,,,,,,,,,,,,,,,,,,43.951,19.6,2.929,1.686,1416.44,77.6,405.994,3.94,,,50.54,0.2,67.04,0.528,,,,
MWI,Africa,Malawi,8/4/2024,,,,,,,,,,,,,,,,,,,,,,,,197.519,18.1,2.979,1.783,1095.042,71.4,227.349,3.94,4.4,24.7,8.704,1.3,64.26,0.483,,,,
MYS,Asia,Malaysia,8/14/2024,,,,,,,,,,72657288,28138569,27551144,17185825,14,11,214.09,82.91,81.18,50.64,0,2,0,,96.254,29.9,6.293,3.407,26808.164,0.1,260.942,16.74,1,42.4,,1.9,76.16,0.81,,,,
MDV,Asia,Maldives,8/4/2024,,,,,,,,,,,,,,,,,,,,,,,,1454.433,30.6,4.12,2.875,15183.616,,164.905,9.19,2.1,55,95.803,,78.92,0.74,,,,
MLI,Africa,Mali,8/4/2024,,,,,,,,,,,,,,,,,,,,,,,,15.196,16.4,2.519,1.486,2014.306,,268.024,2.42,1.6,23,52.232,0.1,59.31,0.434,,,,
MLT,Europe,Malta,8/4/2024,,,,,,,,,,,,,,,,,,,,,,,,1454.037,42.4,19.426,11.324,36513.323,0.2,168.711,8.83,20.9,30.2,,4.485,82.53,0.895,,,,
MHL,Oceania,Marshall Islands,8/4/2024,,,,,,,,,,,,,,,,,,,,,,,,295.15,,,,3819.202,,557.793,30.53,,,82.502,2.7,73.7,0.704,,,,
MTQ,North America,Martinique,8/4/2024,,,,,,,,,,,,,,,,,,,,,,,,,45.7,,12.543,,,,,,,,,82.54,,,,,
MRT,Africa,Mauritania,8/4/2024,,,,,,,,,,,,,,,,,,,,,,,,,,,,,,,,,,,,,,,,,
